Original,Deepseek
"美味Cheese乳酪芝士蛋糕
","乳酪芝士蛋糕
"
"巧克力转印蛋糕—奥特曼造型
","巧克力转印蛋糕
"
"鲜掉眉毛的素炒香菇
","素炒香菇
"
"冰糖雪梨-海底捞厨师亲身传授！
","冰糖雪梨
"
"法式土豆牛肉焖面佐水煮西兰花和溏心鸡蛋
","法式土豆牛肉焖面
"
"红烧牛肉面 台湾经典 康师傅 牛腱肉 鲜香扑鼻 酥烂又有嚼劲
","红烧牛肉面
"
"有灵魂的韭菜鸡蛋素盒子
","韭菜鸡蛋素盒子
"
"Granola香脆无油烤燕麦片
","Granola烤燕麦片
"
"香香酥酥的南瓜饼
","南瓜饼
"
"隔壁小孩都会做的椰奶小方/椰奶冻（白凉粉版）
","椰奶小方
"
"红糖姜撞奶 (省钱省事奶粉版)
","红糖姜撞奶
"
"海苔肉松提拉米苏
","海苔肉松提拉米苏
"
"全麦紫薯面包（电饭煲版超简单哟）
","全麦紫薯面包
"
"香煎蒜味鸡胸肉（宝宝大人都能吃）
","香煎蒜味鸡胸肉
"
"玫瑰花白糖砵仔糕
","玫瑰花白糖砵仔糕
"
"小羽私厨之必胜客披萨
","小羽私厨之必胜客披萨
"
"火龙果蝴蝶结面包（一次发酵）
","火龙果蝴蝶结面包
"
"芝士紫薯酥（无需揉面）
","芝士紫薯酥
"
"吮指椒盐皮皮虾|皮一下很好吃
","吮指椒盐皮皮虾
"
"蓝天白云果冻（美死了呢）
","蓝天白云果冻
"
"不会酸的内脂豆腐花和豆腐
","内脂豆腐花和豆腐
"
"这份木耳肉丝面，你尝到湖南味道了吗？
","木耳肉丝面
"
"鲜香爽脆的鱿鱼干炒黄瓜
","鱿鱼干炒黄瓜
"
"在雀巢咖啡课上学做的冰摩卡
","冰摩卡
"
"葡式蛋挞超简单法子
","葡式蛋挞
"
"超级下饭～嫩滑无比的鸡蛋抱豆腐
","鸡蛋抱豆腐
"
"杂粮馒头（消耗各种剩粥剩点心）
","杂粮馒头
"
"鸡米花 烤箱版 拒绝油炸
","鸡米花
"
"【无油版】西红柿培根木耳小白菜酱油炒饭
","西红柿培根木耳小白菜酱油炒饭
"
"夏季温凉食物--饼夹肉/菜
","饼夹肉/菜
"
"芝士火腿鸡蛋三明治（热）
","芝士火腿鸡蛋三明治
"
"喜茶【豆豆波波茶】，在家9块钱完美复刻！
","豆豆波波茶
"
"无油无糖全麦麦麸吐司
","无油无糖全麦麦麸吐司
"
"4寸加高戚风蛋糕
","4寸加高戚风蛋糕
"
"菠菜手擀面-冬日火锅必配
","菠菜手擀面
"
"用黄豆酱腌制的辣椒咸菜~卷饼、拌饭用途多多
","黄豆酱腌辣椒咸菜
"
"博士厨房-空心菜杆炒藕片
","空心菜杆炒藕片
"
"武汉炸面窝（超详细步骤，零失败）
","武汉炸面窝
"
"腐皮寿司（希鳞鱼籽快手版）
","腐皮寿司
"
"清新Q弹的豆乳布丁
","豆乳布丁
"
"怎么都吃不够的芹菜炒孜然牛肉
","芹菜炒孜然牛肉
"
"奶香小馒头/包子（通用菜谱）
","奶香小馒头/包子
"
"胜过面包粉的普通面粉小餐包
","普通面粉小餐包
"
"巧克力酱烤香蕉|烤香蕉对身体的好处
","巧克力酱烤香蕉
"
"不会塌的热油水浴草莓戚风蛋糕
","热油水浴草莓戚风蛋糕
"
"美味好吃的南瓜饼（架瓜、吊瓜饼）
","南瓜饼
"
"自制番茄火锅汤底，酥肉，嫩辣牛肉，虾滑
","自制番茄火锅汤底
"
"宝宝卡通戚风蛋糕（母乳版）
","宝宝卡通戚风蛋糕
"
"最正宗香港咖喱辣鱼蛋
","香港咖喱辣鱼蛋
"
"蚝仔烙-潮汕薯粉蚝仔煎
","蚝仔烙
"
"简单好味的空气炸锅鸡米花
","空气炸锅鸡米花
"
"维C炸弹-柠檬胡萝卜橙汁
","柠檬胡萝卜橙汁
"
"德国蓝宝多功能锅食谱--松松软软的生煎奶香南瓜花卷
","生煎奶香南瓜花卷
"
"自制棒棒糖（麦芽糖版）
","自制棒棒糖
"
"低卡饱腹の菜团子
","菜团子
"
"天福号农庄发酵火腿－发酵火腿沙拉
","发酵火腿沙拉
"
"豆腐的神仙吃法：美味低脂的茄汁豆腐
","茄汁豆腐
"
"又卷烧饼--探索版
","又卷烧饼
"
"渐变莫吉托Mojito
","渐变莫吉托
"
"意式奶冻｜美食台
","意式奶冻
"
"色香味俱全的荞麦饸饹面
","荞麦饸饹面
"
"听说抹茶和蜜豆是绝配，那就试试这个还加了牛奶的哈斯吧
","抹茶蜜豆牛奶哈斯
"
"无米紫菜卷“饭”（减脂期主食）
","无米紫菜卷
"
"花的懒人料理之天妇罗碎屑鳗鱼酱拌饭
","天妇罗碎屑鳗鱼酱拌饭
"
"【暖暖焙家】花果水晶冻，与水信玄饼原料相同，一样美丽！
","花果水晶冻
"
"雪里蕻春笋丝爽脆黄瓜花
","雪里蕻春笋丝爽脆黄瓜花
"
"少油健康版辣子鸡---免油炸更方便
","少油健康版辣子鸡
"
"西安小吃：红枣甑糕家庭版，不用电饭锅也可以
","红枣甑糕
"
"香酥鱼排//日式七味虾-大宇空气煎炸杯食谱
","香酥鱼排和日式七味虾
"
"椒盐虾-超好吃光盘版
","椒盐虾
"
"压力锅原盅椰子乌鸡汤
","原盅椰子乌鸡汤
"
"三杯春夏果汁｜美食台
","三杯春夏果汁
"
"香甜好吃又简单上手的家庭双皮奶
","家庭双皮奶
"
"#无西瓜不夏天# 西瓜柠檬气泡水&西瓜牛奶蛋糕
","西瓜柠檬气泡水和西瓜牛奶蛋糕
"
"【新手招牌】红炖莲藕排骨火锅
","红炖莲藕排骨火锅
"
"（低脂低糖）牛油果酸乳饮
","牛油果酸乳饮
"
"超好吃香辣孜然鸡脖 吃到停不下来的追剧必备小零食
","香辣孜然鸡脖
"
"熊宝宝什锦果麦片曲奇
","熊宝宝什锦果麦片曲奇
"
"淡奶油蛋糕【消耗淡奶油①】
","淡奶油蛋糕
"
"换个口味来炒饭--香菇油饭
","香菇油饭
"
"白葡萄酒烩虾仁番茄意面
","白葡萄酒烩虾仁番茄意面
"
"大葱猪肉虾丁馅之无敌煎饺
","大葱猪肉虾丁馅煎饺
"
"5分钟快手早餐|鸡蛋吐司
","鸡蛋吐司
"
"中式汉堡（煎馒头片版）
","中式汉堡（煎馒头片版）
"
"酸奶的N种吃法-炒酸奶
","炒酸奶
"
"煎饺（隔夜水饺）
","煎饺
"
"七彩祥云超薄千层豆沙酥植物油版之零失败饼皮初体验
","七彩祥云超薄千层豆沙酥
"
"椰香黄金糕(椰粉制作)
","椰香黄金糕
"
"沙虫瑶柱瘦肉冬瓜汤
","沙虫瑶柱瘦肉冬瓜汤
"
"【安妈靓汤】豆芽排骨汤，意想不到的清爽鲜美
","豆芽排骨汤
"
"香甜栗子糕（参考月龄10+）
","香甜栗子糕
"
"奶香玉米面饼（宝宝辅食，适合12+宝贝）
","奶香玉米面饼
"
"从清洗开始一步一步教你做温暖美味的猪肚汤
","猪肚汤
"
"超详细的冰糖柚子茶制作过程
","冰糖柚子茶
"
"豆渣豆浆蛋糕，低油低糖蛋糕，营养健康柔软十寸蛋糕，豆渣做法4
","豆渣豆浆蛋糕
"
"香辣牛蛙(家常做法)
","香辣牛蛙
"
"蒜香毛豆腐（发酵，低碳生酮）
","蒜香毛豆腐
"
"火锅底料版的家常毛血旺
","火锅底料版毛血旺
"
"家庭自制脏脏摩卡（牛奶/燕麦奶均可）
","家庭自制脏脏摩卡
"
"卡通馒头（睡梦熊）
","卡通馒头（睡梦熊）
"
